{
  "size_ratio": 0.04044715705957366,
  "motion": {
    "ra": -2.738918274384883,
    "dec": -5.9318443337141415
  },
  "clusters": [
    {
      "center": {
        "ra": 35.15425419775223,
        "dec": 57.14823240533345
      }
    },
    {
      "center": {
        "ra": 35.22339522258794,
        "dec": 57.14339764912754
      }
    }
  ]
}